{"name":null,"assets":"aoy4:sizei346y4:typey5:IMAGEy9:classNamey56:__ASSET__assets_texter_dynamictextfield_defaultjoint_pngy2:idy53:assets%2Ftexter%2FDynamicTextField%2FDefaultJoint.pnggoy4:pathy17:assets%2Fabout.mdR0i2747R1y4:TEXTR5R8goR7y23:assets%2Fimages%2F1.pngR0i254234R1R2R5R10goR7y48:assets%2Fimages%2FManagementTab%2Fcolorwheel.pngR0i13136R1R2R5R11goR7y39:assets%2Fimages%2FMenu%2FbackButton.pngR0i1771R1R2R5R12goR7y40:assets%2Fimages%2FMenu%2FBottomRight.pngR0i35939R1R2R5R13goR7y49:assets%2Fimages%2FMenu%2FcreateWorkbookButton.pngR0i2619R1R2R5R14goR7y50:assets%2Fimages%2FMenu%2FcreateWorksheetButton.pngR0i2710R1R2R5R15goR7y48:assets%2Fimages%2FMenu%2FeditWorksheetButton.pngR0i2385R1R2R5R16goR7y39:assets%2Fimages%2FMenu%2FinfoButton.pngR0i4499R1R2R5R17goR7y43:assets%2Fimages%2FMenu%2FpureCreateIcon.pngR0i6344R1R2R5R18goR7y41:assets%2Fimages%2FMenu%2FpureEditIcon.pngR0i6442R1R2R5R19goR7y41:assets%2Fimages%2FMenu%2FpureScanIcon.pngR0i6031R1R2R5R20goR7y48:assets%2Fimages%2FMenu%2FscanWorksheetButton.pngR0i2274R1R2R5R21goR7y43:assets%2Fimages%2FMenu%2FsettingsButton.pngR0i4625R1R2R5R22goR7y36:assets%2Fimages%2FMenu%2FTopLeft.pngR0i201779R1R2R5R23goR7y44:assets%2Fimages%2FMenu%2FworkbooksButton.pngR0i2941R1R2R5R24goR7y46:assets%2Fimages%2FMenuUNSUSED%2Fbackground.pngR0i103321R1R2R5R25goR7y42:assets%2Fimages%2FMenuUNSUSED%2Fcorner.pngR0i1442R1R2R5R26goR7y48:assets%2Fimages%2FMenuUNSUSED%2Fdropanim%2F1.pngR0i14251R1R2R5R27goR7y43:assets%2Fimages%2FMenuUNSUSED%2Fminitab.pngR0i21420R1R2R5R28goR7y44:assets%2Fimages%2FMenuUNSUSED%2Fminitab1.pngR0i18830R1R2R5R29goR7y49:assets%2Fimages%2FMenuUNSUSED%2Fminitab1light.pngR0i3730R1R2R5R30goR7y48:assets%2Fimages%2FMenuUNSUSED%2Fminitablight.pngR0i5309R1R2R5R31goR7y33:assets%2Fimages%2Fpage%202%20.pngR0i97495R1R2R5R32goR7y33:assets%2Fimages%2Fpage%203%20.pngR0i255208R1R2R5R33goR7y43:assets%2Fimages%2FPopup%2FcancelEnglish.pngR0i2527R1R2R5R34goR7y44:assets%2Fimages%2FPopup%2FconfirmEnglish.pngR0i1391R1R2R5R35goR7y43:assets%2Fimages%2FPopup%2FconfirmHebrew.pngR0i881R1R2R5R36goR7y43:assets%2Fimages%2FPopup%2FfinishEnglish.pngR0i2040R1R2R5R37goR7y41:assets%2Fimages%2FPopup%2FnextEnglish.pngR0i2180R1R2R5R38goR7y44:assets%2Fimages%2FPopup%2FpopupBackgroud.pngR0i1638R1R2R5R39goR7y29:assets%2Fimages%2FpreIcon.svgR0i4221R1R9R5R40goR7y46:assets%2Fimages%2FSettings%2Fdarkmode_dark.pngR0i18277R1R2R5R41goR7y47:assets%2Fimages%2FSettings%2Fdarkmode_light.pngR0i23011R1R2R5R42goR7y41:assets%2Fimages%2FSettings%2Fpopup_bg.pngR0i1916R1R2R5R43goR7y41:assets%2Fimages%2FTextControls%2Fbold.pngR0i392R1R2R5R44goR7y43:assets%2Fimages%2FTextControls%2Fitalic.pngR0i290R1R2R5R45goR7y45:assets%2Fimages%2FTextControls%2FsizeDown.pngR0i430R1R2R5R46goR7y43:assets%2Fimages%2FTextControls%2FsizeUp.pngR0i460R1R2R5R47goR7y46:assets%2Fimages%2FTextControls%2Funderline.pngR0i366R1R2R5R48goR7y37:assets%2Fimages%2FToolbox%2Fbrush.pngR0i286R1R2R5R49goR7y43:assets%2Fimages%2FToolbox%2Fcolorpicker.pngR0i707R1R2R5R50goR7y46:assets%2Fimages%2FToolbox%2Fcolortransform.pngR0i804R1R2R5R51goR7y37:assets%2Fimages%2FToolbox%2Ferase.pngR0i508R1R2R5R52goR7y37:assets%2Fimages%2FToolbox%2Fglass.pngR0i991R1R2R5R53goR7y36:assets%2Fimages%2FToolbox%2Fhand.pngR0i280R1R2R5R54goR7y36:assets%2Fimages%2FToolbox%2Fline.pngR0i803R1R2R5R55goR7y38:assets%2Fimages%2FToolbox%2Fpencil.pngR0i659R1R2R5R56goR7y38:assets%2Fimages%2FToolbox%2Fselect.pngR0i277R1R2R5R57goR7y38:assets%2Fimages%2FToolbox%2Fshapes.pngR0i1188R1R2R5R58goR7y42:assets%2Fimages%2FToolbox%2Fsmallbrush.pngR0i269R1R2R5R59goR7y48:assets%2Fimages%2FToolbox%2Fsmallcolorpicker.pngR0i399R1R2R5R60goR7y51:assets%2Fimages%2FToolbox%2Fsmallcolortransform.pngR0i567R1R2R5R61goR7y42:assets%2Fimages%2FToolbox%2Fsmallerase.pngR0i389R1R2R5R62goR7y42:assets%2Fimages%2FToolbox%2Fsmallglass.pngR0i557R1R2R5R63goR7y41:assets%2Fimages%2FToolbox%2Fsmallhand.pngR0i327R1R2R5R64goR7y41:assets%2Fimages%2FToolbox%2Fsmallline.pngR0i459R1R2R5R65goR7y43:assets%2Fimages%2FToolbox%2Fsmallpencil.pngR0i391R1R2R5R66goR7y43:assets%2Fimages%2FToolbox%2Fsmallselect.pngR0i237R1R2R5R67goR7y43:assets%2Fimages%2FToolbox%2Fsmallshapes.pngR0i639R1R2R5R68goR7y41:assets%2Fimages%2FToolbox%2Fsmalltext.pngR0i242R1R2R5R69goR7y36:assets%2Fimages%2FToolbox%2Ftext.pngR0i361R1R2R5R70goR7y48:assets%2Fimages%2FToolSidebar%2Fsidebararrow.pngR0i1790R1R2R5R71goR7y20:assets%2FpreIcon.icoR0i104697R1y6:BINARYR5R72goR7y22:assets%2Fsettings.jsonR0i951R1R9R5R74goR0i140124R1y4:FONTR3y28:__ASSET__fonts_comfortaa_ttfR5y21:fonts%2FComfortaa.ttfgoR0i110208R1R75R3y24:__ASSET__fonts_david_ttfR5y17:fonts%2FDavid.ttfgoR0i319368R1R75R3y33:__ASSET__fonts_fira_code_bold_ttfR5y30:fonts%2FFira%20Code%2Cbold.ttfgoR0i289624R1R75R3y28:__ASSET__fonts_fira_code_ttfR5y23:fonts%2FFira%20Code.ttfgoR0i7744R1R75R3y25:__ASSET__fonts_likkud_ttfR5y18:fonts%2FLikkud.ttfgoR0i143504R1R75R3y31:__ASSET__fonts_manrope_bold_ttfR5y26:fonts%2FManrope%2Cbold.ttfgoR0i141816R1R75R3y26:__ASSET__fonts_manrope_ttfR5y19:fonts%2FManrope.ttfgoR0i529640R1R75R3y28:__ASSET__fonts_open_sans_ttfR5y23:fonts%2FOpen%20Sans.ttfgoR0i16668R1R75R3y24:__ASSET__fonts_rashi_ttfR5y17:fonts%2FRashi.ttfgoR0i121648R1R75R3y36:__ASSET__fonts_rubik_bold_italic_ttfR5y33:fonts%2FRubik%2Cbold%2Citalic.ttfgoR0i124096R1R75R3y29:__ASSET__fonts_rubik_bold_ttfR5y24:fonts%2FRubik%2Cbold.ttfgoR0i201504R1R75R3y31:__ASSET__fonts_rubik_italic_ttfR5y26:fonts%2FRubik%2Citalic.ttfgoR0i207728R1R75R3y24:__ASSET__fonts_rubik_ttfR5y17:fonts%2FRubik.ttfgoR0i34164R1R75R3y27:__ASSET__fonts_segoe_ui_ttfR5y22:fonts%2FSegoe%20UI.ttfgoR0i125832R1R75R3y31:__ASSET__fonts_varela_round_ttfR5y26:fonts%2FVarela%20Round.ttfgh","rootPath":"../","version":2,"libraryArgs":[],"libraryType":null}